{"open": {"max": 68642.87, "min": 4160.0}, "high": {"max": 69004.2, "min": 4600.0}, "low": {"max": 68477.58, "min": 3885.0}, "close": {"max": 68639.81, "min": 4163.9}, "volume": {"max": 491.5421193, "min": 0.0}, "change": {"max": 0.1856971153846154, "min": -0.18870337723391756}, "close_off_high": {"max": 1.0, "min": -1.0}, "volatility": {"max": 0.3641826923076923, "min": 0.0}}
