{
  "open": {
    "max": 1.700000000000002e+308,
    "min": 3022.89
  },
  "high": {
    "max": 1.700000000000002e+308,
    "min": 3058.96
  },
  "low": {
    "max": 1.700000000000002e+308,
    "min": 2972.01
  },
  "close": {
    "max": 1.700000000000002e+308,
    "min": 3022.89
  },
  "volume": {
    "max": 1.700000000000002e+308,
    "min": 0.01412081
  },
  "change": {
    "max": 0.2268824466947851,
    "min": -0.16497736385978526
  },
  "close_off_high": {
    "max": 1.0,
    "min": -1.0
  },
  "volatility": {
    "max": 0.3830249373165659,
    "min": 0.0
  }
}
